Workbook

Sheet Summary
A1: Summary: hours, rate, price and key dates
A2: Yellow cells with blue text are inputs. Everything else is calculated.
A4: Item | B4: Value | C4: Notes
A5: Hourly rate (USD) | B5: 45 | C5: Input. Change it and the price below updates.
A6: Estimated hours (all build steps) | B6: =Timeline!H26 -> 72 | C6: Sum of the Hours column on the Timeline sheet.
A7: Fixed price (USD) | B7: =B5*B6 -> 3240 | C7: Hours x rate. Fixes during the Oct 16 to Nov 1 acceptance window are included.
A8: Contract start | B8: 46300
A9: Working build | B9: 46310
A10: Hard deadline | B10: 46327
A11: Working days in the build | B11: =NETWORKDAYS(B8,B9) -> 9
A12: Average hours per working day | B12: =IFERROR(B6/B11,0) -> 8
A13: Calendar days of buffer before the deadline | B13: =B10-B9 -> 17 | C13: Covers Web Store review turnaround and acceptance fixes.
A15: Hours by phase
A16: Phase | B16: Hours | C16: Share of total
A17: Release engineering | B17: =SUMIFS(Timeline!$H$5:$H$25,Timeline!$B$5:$B$25,A17) -> 20 | C17: =IFERROR(B17/$B$6,0) -> 0.27777778
A18: CI and trust | B18: =SUMIFS(Timeline!$H$5:$H$25,Timeline!$B$5:$B$25,A18) -> 8 | C18: =IFERROR(B18/$B$6,0) -> 0.11111111
A19: Extension | B19: =SUMIFS(Timeline!$H$5:$H$25,Timeline!$B$5:$B$25,A19) -> 8 | C19: =IFERROR(B19/$B$6,0) -> 0.11111111
A20: Safety layer | B20: =SUMIFS(Timeline!$H$5:$H$25,Timeline!$B$5:$B$25,A20) -> 19 | C20: =IFERROR(B20/$B$6,0) -> 0.26388889
A21: Testing | B21: =SUMIFS(Timeline!$H$5:$H$25,Timeline!$B$5:$B$25,A21) -> 11 | C21: =IFERROR(B21/$B$6,0) -> 0.15277778
A22: Docs | B22: =SUMIFS(Timeline!$H$5:$H$25,Timeline!$B$5:$B$25,A22) -> 3 | C22: =IFERROR(B22/$B$6,0) -> 0.041666667
A23: Communication | B23: =SUMIFS(Timeline!$H$5:$H$25,Timeline!$B$5:$B$25,A23) -> 3 | C23: =IFERROR(B23/$B$6,0) -> 0.041666667
A24: Check: phases add up to the total | B24: =IF(SUM(B17:B23)=B6,"OK","Mismatch") -> OK
A26: Prepared by James for the Manifest V3 form-fill extension post. Source of every number: this workbook (estimates by James).

Sheet Timeline
A1: Chrome extension (MV3) build: detailed timeline
A2: All 16 build steps finish by Thursday Oct 15, 2026. Oct 16 to Nov 1 is acceptance buffer, included in the fixed price.
A4: Step | B4: Phase | C4: Functionality | D4: What gets built | E4: Done when (acceptance check) | F4: Start | G4: End | H4: Hours | I4: Depends on | J4: Deliverable | K4: Needs from you
A5: S01 | B5: Release engineering | C5: Deterministic build and pinned toolchain | D5: Zero-dependency build script; Node pinned (.nvmrc, engines); LF and BOM normalization; file-type allowlist; stored zip with fixed timestamps and order | E5: Two builds on different machines produce identical SHA256SUMS and an identical zip | F5: 46300 | G5: 46300 | H5: 4 | J5: scripts/build.mjs, release/SHA256SUMS | K5: Add me to the GitHub repo, or I create it and transfer ownership to you
A6: S02 | B6: Release engineering | C6: Hash list and reproducibility check in CI | D6: sha256sum-compatible hash list; PR workflow builds twice in separate folders and compares; hash list uploaded as an artifact | E6: A PR fails if the two builds differ by a single byte | F6: 46300 | G6: 46300 | H6: 4 | I6: S01 | J6: .github/workflows/pr.yml
A7: S03 | B7: CI and trust | C7: Three trust tiers with short-lived tokens | D7: PR jobs get no id-token at all; staging and release environments; required reviewer on release; OIDC sub claim customized to repo + environment + workflow file; actions pinned to commit SHAs | E7: A PR job cannot obtain any cloud token; a staging token cannot assume the release role | F7: 46301 | G7: 46301 | H7: 4 | I7: S02 | J7: Workflow permissions, environment settings, sub-claim config | K7: Approve the environment and reviewer settings I send (10 minutes)
A8: S04 | B8: Release engineering | C8: Signed-tag release gate | D8: Annotated SSH-signed tag whose message is the hash list; allowed signers read from the protected release environment; tag must equal manifest version; clean rebuild compared file for file | E8: Unsigned tag, unknown key, late code change or wrong version each stop the release (automated tests) | F8: 46301 | G8: 46301 | H8: 4 | I8: S01, S03 | J8: scripts/verify-tag.mjs, release.yml gate job | K8: Send the public SSH key(s) of whoever signs releases
A9: S05 | B9: Extension | C9: MV3 shell with minimum permissions | D9: Manifest with activeTab and scripting only; one host permission (your backend); CSP connect-src locked to the backend; module service worker; popup; on-demand injection, no static content scripts | E9: chrome.storage does not exist at runtime; a fetch to any other origin is blocked by CSP (browser test) | F9: 46302 | G9: 46302 | H9: 4 | I9: S01 | J9: extension/manifest.json, background.js, popup
A10: S06 | B10: Extension | C10: Ticket handoff and backend fetch | D10: Web app sends a short-lived ticket via externally_connectable; sender origin checked; ticket kept in memory only; active tab must match the ticket's portal; fetch with no-store, no credentials, no redirects; response shape validated | E10: Wrong site, expired ticket and messages from other sites are refused, and nothing is filled | F10: 46302 | G10: 46302 | H10: 4 | I10: S05 | J10: Ticket flow + integration contract note | K10: Ticket and fill-values API contract (from the AWS engineer)
A11: S07 | B11: Safety layer | C11: Field discovery on third-party pages | D11: Signals from labels, aria-labelledby, aria-label, placeholder, title, name/id, autocomplete; open shadow roots; visibility; fillable field kinds; embedded frames counted and reported | E11: Every field in the sample portals, including shadow DOM, is discovered with the right signals | F11: 46303 | G11: 46303 | H11: 4 | I11: S05 | J11: collect() in fill-engine.js | K11: List of target portals, plus test pages or test accounts
A12: S08 | B12: Safety layer | C12: Exact-one-match-or-skip matcher | D12: Candidate set per value; two-way uniqueness (one value, one field); explicit skip reasons; matching rules frozen and shipped inside the signed extension | E12: Ambiguous, shared-field and no-match cases fill nothing (unit tests) | F12: 46303 | G12: 46303 | H12: 4 | I12: S07 | J12: plan() in fill-engine.js, field-rules.js
A13: S09 | B13: Safety layer | C13: Value safety checks | D13: maxlength, pattern, input type, single matching select option, date format only when the field states it, never overwrite, read-only and disabled, passwords and files excluded, backend value format | E13: Each rule has a passing unit test that proves the skip | F13: 46304 | G13: 46304 | H13: 4 | I13: S08 | J13: valueFor() and rules
A14: S10 | B14: Safety layer | C14: Fill writer and review highlights | D14: Native value setters plus input and change events (works with React and Angular forms); read-back; filled fields outlined solid, ambiguous ones dashed; clear highlights; never submits or clicks | E14: Values survive the page re-rendering; the submit counter stays at zero (browser test) | F14: 46304 | G14: 46304 | H14: 3 | I14: S08 | J14: write(), mark(), clearMarks()
A15: CP1 | B15: Communication | C15: Weekly checkpoint 1 (written) | D15: What's done, what's next, decisions needed, explicit actions for you | E15: Sent Friday Oct 9 | F15: 46304 | G15: 46304 | H15: 1 | J15: Written update | K15: Read and answer any decisions listed
A16: S11 | B16: Safety layer | C16: Zero-storage and zero-logging enforcement | D16: Policy gate in CI (storage, logging, submission, dynamic code, network egress, permissions, CSP); worker strips reports to statuses and reasons; errors as codes, never messages with data | E16: The gate fails on each injected violation (tests) and passes on the release build | F16: 46307 | G16: 46307 | H16: 4 | I16: S05 | J16: scripts/check-policy.mjs
A17: S12 | B17: Testing | C17: Unit test suite | D17: Matcher fixtures from real portal patterns; hash list; build determinism incl. Windows line endings; zip and CRX parsing; policy gate | E17: All green in CI on every PR | F17: 46307 | G17: 46307 | H17: 4 | I17: S08, S09, S11 | J17: test/*.test.mjs
A18: S13 | B18: Testing | C18: Real-browser tests | D18: Playwright on real Chromium with the exact release files; extension loaded unpacked; full ticket to fill chain against a local HTTPS mirror of the backend origin | E18: All green in CI; values never appear in the popup report | F18: 46308 | G18: 46308 | H18: 4 | I18: S10, S12 | J18: e2e/*.spec.mjs
A19: S14 | B19: CI and trust | C19: Staging pipeline and Web Store upload | D19: GitHub OIDC to Google Workload Identity Federation to a service account; Chrome Web Store API v2 upload to the staging item; first submission early to start the review clock | E19: Staging upload runs from CI with no stored secret | F19: 46308 | G19: 46308 | H19: 4 | I19: S03 | J19: staging.yml, setup commands | K19: Chrome Web Store developer account and item; Google Cloud project (I send the exact commands)
A20: S15 | B20: Release engineering | C20: Published-package verifier | D20: Downloads the CRX the store serves; parses CRX3; hashes every file; compares with the signed list; store additions handled by an explicit, printed allowlist | E20: Passes on the store's package; fails on any other difference (tests) | F20: 46309 | G20: 46309 | H20: 5 | I20: S04, S14 | J20: scripts/verify-webstore.mjs, scheduled job
A21: S16 | B21: Docs | C21: Install procedure and runbooks | D21: Install: Web Store listing, managed install by policy, unpacked for testing; release runbook; your-side checklist | E21: Someone other than me can cut a release from the runbook | F21: 46309 | G21: 46309 | H21: 3 | I21: S15 | J21: docs/INSTALL.md, docs/RELEASE.md
A22: R1 | B22: Release engineering | C22: End-to-end release dry run | D22: Sign tag, run the gate, upload to staging, verify the package | E22: One full release completes from a signed tag with no manual edits | F22: 46310 | G22: 46310 | H22: 3 | I22: S04, S14, S15 | J22: Dry-run log
A23: R2 | B23: Testing | C23: Acceptance run against your written criteria | D23: Walk all 16 steps' acceptance criteria and fix anything that falls short | E23: Every criterion marked pass with evidence | F23: 46310 | G23: 46310 | H23: 3 | I23: All | J23: Acceptance checklist with evidence | K23: Review the checklist
A24: CP2 | B24: Communication | C24: Working build handover and checkpoint 2 | D24: Recorded walkthrough, written update, what remains for Nov 1 | E24: Working build delivered Thursday Oct 15 | F24: 46310 | G24: 46310 | H24: 2 | I24: R1, R2 | J24: Walkthrough video + written update | K24: Acceptance review (Oct 16 to Nov 1)
A25: B1 | B25: Buffer | C25: Acceptance window until the hard deadline | D25: Your review, Web Store review turnaround, fixes from acceptance. Included in the fixed price. | E25: Published, verified build by Nov 1 | F25: 46311 | G25: 46327 | H25: 0 | I25: CP2 | J25: Final release
G26: Total hours | H26: =SUM(H5:H25) -> 72
A28: Blue numbers are estimates you can edit; every total in this workbook recalculates from them. "incl." = included in the fixed price, no extra hours billed.

Sheet Gantt
A1: Gantt: Oct 5 to Nov 1, 2026
A2: Bars are drawn by formula from the Start and End dates on the Timeline sheet. Grey columns are weekends. | Q2: Working build | AH2: Hard deadline
G3: =LEFT(TEXT(G4,"ddd"),2) -> Mo | H3: =LEFT(TEXT(H4,"ddd"),2) -> Tu | I3: =LEFT(TEXT(I4,"ddd"),2) -> We | J3: =LEFT(TEXT(J4,"ddd"),2) -> Th | K3: =LEFT(TEXT(K4,"ddd"),2) -> Fr | L3: =LEFT(TEXT(L4,"ddd"),2) -> Sa | M3: =LEFT(TEXT(M4,"ddd"),2) -> Su | N3: =LEFT(TEXT(N4,"ddd"),2) -> Mo | ... AH3: =LEFT(TEXT(AH4,"ddd"),2) -> Su
A4: Step | B4: Phase | C4: Functionality | D4: Start | E4: End | F4: Hours | G4: 46300 | H4: =G4+1 -> 46301 | I4: =H4+1 -> 46302 | J4: =I4+1 -> 46303 | K4: =J4+1 -> 46304 | L4: =K4+1 -> 46305 | M4: =L4+1 -> 46306 | N4: =M4+1 -> 46307 | O4: =N4+1 -> 46308 | ... AH4: =AG4+1 -> 46327
A5: =Timeline!A5 -> S01 | B5: =Timeline!B5 -> Release engineering | C5: =Timeline!C5 -> Deterministic build and pinned toolchain | D5: =Timeline!F5 -> 46300 | E5: =Timeline!G5 -> 46300 | F5: =Timeline!H5 -> 4
A6: =Timeline!A6 -> S02 | B6: =Timeline!B6 -> Release engineering | C6: =Timeline!C6 -> Hash list and reproducibility check in CI | D6: =Timeline!F6 -> 46300 | E6: =Timeline!G6 -> 46300 | F6: =Timeline!H6 -> 4
A7: =Timeline!A7 -> S03 | B7: =Timeline!B7 -> CI and trust | C7: =Timeline!C7 -> Three trust tiers with short-lived tokens | D7: =Timeline!F7 -> 46301 | E7: =Timeline!G7 -> 46301 | F7: =Timeline!H7 -> 4
A8: =Timeline!A8 -> S04 | B8: =Timeline!B8 -> Release engineering | C8: =Timeline!C8 -> Signed-tag release gate | D8: =Timeline!F8 -> 46301 | E8: =Timeline!G8 -> 46301 | F8: =Timeline!H8 -> 4
A9: =Timeline!A9 -> S05 | B9: =Timeline!B9 -> Extension | C9: =Timeline!C9 -> MV3 shell with minimum permissions | D9: =Timeline!F9 -> 46302 | E9: =Timeline!G9 -> 46302 | F9: =Timeline!H9 -> 4
A10: =Timeline!A10 -> S06 | B10: =Timeline!B10 -> Extension | C10: =Timeline!C10 -> Ticket handoff and backend fetch | D10: =Timeline!F10 -> 46302 | E10: =Timeline!G10 -> 46302 | F10: =Timeline!H10 -> 4
A11: =Timeline!A11 -> S07 | B11: =Timeline!B11 -> Safety layer | C11: =Timeline!C11 -> Field discovery on third-party pages | D11: =Timeline!F11 -> 46303 | E11: =Timeline!G11 -> 46303 | F11: =Timeline!H11 -> 4
A12: =Timeline!A12 -> S08 | B12: =Timeline!B12 -> Safety layer | C12: =Timeline!C12 -> Exact-one-match-or-skip matcher | D12: =Timeline!F12 -> 46303 | E12: =Timeline!G12 -> 46303 | F12: =Timeline!H12 -> 4
A13: =Timeline!A13 -> S09 | B13: =Timeline!B13 -> Safety layer | C13: =Timeline!C13 -> Value safety checks | D13: =Timeline!F13 -> 46304 | E13: =Timeline!G13 -> 46304 | F13: =Timeline!H13 -> 4
A14: =Timeline!A14 -> S10 | B14: =Timeline!B14 -> Safety layer | C14: =Timeline!C14 -> Fill writer and review highlights | D14: =Timeline!F14 -> 46304 | E14: =Timeline!G14 -> 46304 | F14: =Timeline!H14 -> 3
A15: =Timeline!A15 -> CP1 | B15: =Timeline!B15 -> Communication | C15: =Timeline!C15 -> Weekly checkpoint 1 (written) | D15: =Timeline!F15 -> 46304 | E15: =Timeline!G15 -> 46304 | F15: =Timeline!H15 -> 1
A16: =Timeline!A16 -> S11 | B16: =Timeline!B16 -> Safety layer | C16: =Timeline!C16 -> Zero-storage and zero-logging enforcement | D16: =Timeline!F16 -> 46307 | E16: =Timeline!G16 -> 46307 | F16: =Timeline!H16 -> 4
... A25: =Timeline!A25 -> B1 | B25: =Timeline!B25 -> Buffer | C25: =Timeline!C25 -> Acceptance window until the hard deadline | D25: =Timeline!F25 -> 46311 | E25: =Timeline!G25 -> 46327 | F25: =Timeline!H25 -> 0
A27: Legend
B28: Release engineering
B29: CI and trust
B30: Extension
B31: Safety layer
B32: Testing
B33: Docs
B34: Communication
B35: Buffer

Sheet Your actions
A1: What I need from you, and when
A2: Everything on your side, in date order. Mark Done with an x as you go (yellow cells).
A4: Needed by | B4: Action | C4: Why it matters | D4: Time for you | E4: Done
A5: 46300 | B5: Add me to the GitHub repository (or approve my transfer of a new one) | C5: CI, environments and branch rules live there | D5: 5 min
A6: 46301 | B6: Approve the staging and release environment settings I send, and name the release reviewer | C6: Release jobs wait for this reviewer | D6: 10 min
A7: 46301 | B7: Send the public SSH key of each person allowed to sign releases | C7: The release gate only trusts these keys | D7: 5 min
A8: 46302 | B8: Share the ticket and fill-values API contract (from the AWS engineer) | C8: The extension's only network call depends on it | D8: Forward a doc
A9: 46303 | B9: List the target portals, with test pages or test accounts if they exist | C9: Matching rules are tuned against real forms | D9: 20 min
A10: 46304 | B10: Read checkpoint 1 and answer any decisions in it | C10: Keeps week two unblocked | D10: 10 min
A11: 46307 | B11: Create or confirm the Chrome Web Store developer account and staging item | C11: Needed before the first upload (one-time US$5 fee) | D11: 15 min
A12: 46307 | B12: Create a Google Cloud project, or let me run the setup commands I send | C12: Workload Identity Federation for keyless publishing | D12: 15 min
A13: 46310 | B13: Review the working build and the acceptance checklist | C13: Starts the acceptance window | D13: 1 to 2 hours
A15: Example: type x in Done once an action is complete.
A16: Actions done | B16: =COUNTA(E5:E13)&" of 9" -> 0 of 9

Sheet Assumptions
A1: Assumptions that would change the number
A2: If any of these turns out different, this is what it does to the estimate.
A4: Assumption | B4: If it turns out different | C4: Impact on estimate
A5: The 16 written steps match this breakdown in scope | B5: Re-estimate within a day of reading them | C5: up to +16 h
A6: The ticket and fill-values API exists or is stubbed by Oct 7 | B6: I write the contract and a stub with the AWS engineer | C6: +6 to 8 h
A7: Up to about 10 target portals with ordinary HTML forms | B7: Each heavily scripted or multi-step portal needs its own fixtures and rules | C7: +2 to 4 h per portal
A8: Fields are in the top page or open shadow roots, not cross-origin frames | B8: Frame support means per-frame injection and matching | C8: +8 h
A9: Matching rules ship inside the extension (signed with each release) | B9: If rules come from the backend per portal, they need their own signing and review path | C9: +10 h
A10: Chrome only (Edge works from the same package) | B10: Firefox needs a second manifest and build target | C10: +12 h
A11: 'Stores nothing' allows the in-memory ticket in the service worker | B11: If even that is out, the web app must hand over the ticket at fill time | C11: +4 h
